[
    {
     
      "id": 1,
      "Name": "Ravi",
      "Email": "oirjf@gmail.com",
      "Contact": 987539754
    },
    {
     
      "id": 2,
      "Name": "Manav",
      "Email": "ram@gmail.com",
      "Contact": 987539754
    },
    {
     
      "id": 255,
      "Name": "Lakshman",
      "Email": "ayushkumar@gmail.com",
      "Contact": 987539754
    },
    {
    
      "id": 4,
      "Name": "Sita",
      "Email": "ak748848@gmail.com",
      "Contact": 987539754
    },
    {
  
      "id": 5,
      "Name": "Ayush",
      "Email": "ldofk@gmail.com",
      "Contact": 987539754
    }
  ]
  